{
    "parent": "item/handheld",
    "textures": {"layer0":"item/stick"},
    "overrides":
    [
        {
            "predicate":{"custom_model_data":1},
            "model":"dwns/fox_mask"
        },
        {
            "predicate":{"custom_model_data":2},
            "model":"dwns/snow_fox_mask"
        },
        {
            "predicate":{"custom_model_data":3},
            "model":"dwns/flowers"
        },
        {
            "predicate":{"custom_model_data":4},
            "model":"dwns/ph_backpack"
        },
        {
            "predicate":{"custom_model_data":5},
            "model":"dwns/tc_backpack"
        },
        {
            "predicate":{"custom_model_data":6},
            "model":"dwns/witch_hat"
        },
        {
            "predicate":{"custom_model_data":7},
            "model":"dwns/pumpkin_basket"
        },
        {
            "predicate":{"custom_model_data":8},
            "model":"dwns/treasure_box"
        },
        {
            "predicate":{"custom_model_data":9},
            "model":"dwns/bat_wings"
        },
        {
            "predicate":{"custom_model_data":10},
            "model":"dwns/allay_wings"
        },
        {
            "predicate":{"custom_model_data":11},
            "model":"dwns/turtle_shell"
        },
        {
            "predicate":{"custom_model_data":12},
            "model":"dwns/crown"
        },
        {
            "predicate":{"custom_model_data":13},
            "model":"dwns/fox_tail"
        },
        {
            "predicate":{"custom_model_data":51},
            "model":"dwns/cursed_skull"
        },
        {
            "predicate":{"custom_model_data":52},
            "model":"dwns/cursed_short_sword"
        },
        {
            "predicate":{"custom_model_data":53},
            "model":"dwns/cursed_book"
        }
    ]
}