{
	"credit": "Made with Blockbench",
	"parent": "minecraft:block/pressure_plate_down",
	"textures": {
		"all": "block/oak_planks"
	},
	"elements": [
		{
			"from": [2, 0, 2],
			"to": [14, 2, 14],
			"rotation": {"angle": 0, "axis": "y", "origin": [7, 0, 7]},
			"faces": {
				"north": {"uv": [0, 0, 12, 2], "texture": "#all"},
				"east": {"uv": [0, 0, 12, 2], "texture": "#all"},
				"south": {"uv": [0, 0, 12, 2], "texture": "#all"},
				"west": {"uv": [0, 0, 12, 2], "texture": "#all"},
				"up": {"uv": [0, 0, 12, 12], "texture": "#all"},
				"down": {"uv": [0, 0, 12, 12], "texture": "#all"}
			}
		},
		{
			"from": [-1, 12, -1],
			"to": [17, 14, 17],
			"rotation": {"angle": 0, "axis": "y", "origin": [7, 12, 7]},
			"faces": {
				"north": {"uv": [0, 0, 16, 2], "texture": "#all"},
				"east": {"uv": [0, 0, 16, 2], "texture": "#all"},
				"south": {"uv": [0, 0, 16, 2], "texture": "#all"},
				"west": {"uv": [0, 0, 16, 2], "texture": "#all"},
				"up": {"uv": [0, 0, 16, 16], "texture": "#all"},
				"down": {"uv": [0, 0, 16, 16], "texture": "#all"}
			}
		},
		{
			"from": [7, 2, 7],
			"to": [9, 12, 9],
			"rotation": {"angle": 0, "axis": "y", "origin": [7, 2, 7]},
			"faces": {
				"north": {"uv": [0, 0, 2, 10], "texture": "#all"},
				"east": {"uv": [0, 0, 2, 10], "texture": "#all"},
				"south": {"uv": [0, 0, 2, 10], "texture": "#all"},
				"west": {"uv": [0, 0, 2, 10], "texture": "#all"},
				"up": {"uv": [0, 0, 2, 2], "texture": "#all"},
				"down": {"uv": [0, 0, 2, 2], "texture": "#all"}
			}
		}
	],
	"display": {
		"gui": {
			"rotation": [21, 47, 0],
			"scale": [0.5, 0.5, 0.5]
		},
		"head": {
			"translation": [0, 5.25, 0],
			"scale": [2, 2, 2]
		}
	}
}