{
	"credit": "Made with Blockbench",
	"texture_size": [32, 32],
	"textures": {
		"particle": "item/stick/allay",
		"layer0": "item/stick/allay"
	},
	"elements": [
		{
			"name": "outer_left_wing",
			"from": [7.06, 0, -0.28],
			"to": [7.06, 5, 7.72],
			"rotation": {"angle": -45, "axis": "y", "origin": [7, 4, 0]},
			"faces": {
				"north": {"uv": [8, 4, 8, 8], "texture": "#layer0"},
				"east": {"uv": [8, 11, 12, 13.5], "texture": "#layer0"},
				"south": {"uv": [11, 4, 11, 8], "texture": "#layer0"},
				"west": {"uv": [12, 11, 8, 13.5], "texture": "#layer0"},
				"up": {"uv": [11, 4, 8, 4], "rotation": 270, "texture": "#layer0"},
				"down": {"uv": [14, 4, 11, 4], "rotation": 90, "texture": "#layer0"}
			}
		},
		{
			"name": "outer_left_wing",
			"from": [9.06, 0, -0.28],
			"to": [9.06, 5, 7.72],
			"rotation": {"angle": 45, "axis": "y", "origin": [9, 4, 0]},
			"faces": {
				"north": {"uv": [8, 4, 8, 8], "texture": "#layer0"},
				"east": {"uv": [8, 11, 12, 13.5], "texture": "#layer0"},
				"south": {"uv": [11, 4, 11, 8], "texture": "#layer0"},
				"west": {"uv": [12, 11, 8, 13.5], "texture": "#layer0"},
				"up": {"uv": [11, 4, 8, 4], "rotation": 270, "texture": "#layer0"},
				"down": {"uv": [14, 4, 11, 4], "rotation": 90, "texture": "#layer0"}
			}
		}
	],
	"display": {
		"thirdperson_righthand": {
			"rotation": [166.36, 22.52, -114.95],
			"translation": [4.5, -0.75, -5.75]
		},
		"thirdperson_lefthand": {
			"rotation": [166.3, 22.18, -121.7],
			"translation": [5.75, -0.75, -5.75]
		},
		"ground": {
			"translation": [0, 4.75, 0]
		},
		"head": {
			"translation": [0, -40, 27],
			"scale": [3, 3, 3]
		}
	}
}