{
	"credit": "Made with Blockbench",
	"texture_size": [32, 32],
	"textures": {
		"particle": "item/stick/bat",
		"layer0": "item/stick/bat"
	},
	"elements": [
		{
			"name": "left_wing",
			"from": [5, 2, 0],
			"to": [7, 9, 0],
			"rotation": {"angle": 22.5, "axis": "y", "origin": [7, 5, 0]},
			"faces": {
				"north": {"uv": [6, 3.5, 7, 7], "texture": "#layer0"},
				"east": {"uv": [6, 3.5, 6, 7], "texture": "#layer0"},
				"south": {"uv": [7, 3.5, 8, 7], "texture": "#layer0"},
				"west": {"uv": [7, 3.5, 7, 7], "texture": "#layer0"},
				"up": {"uv": [7, 3.5, 6, 3.5], "texture": "#layer0"},
				"down": {"uv": [8, 3.5, 7, 3.5], "texture": "#layer0"}
			}
		},
		{
			"name": "outer_left_wing",
			"from": [5.06, 1, 0.72],
			"to": [5.06, 9, 6.72],
			"rotation": {"angle": -22.5, "axis": "y", "origin": [5, 5, 1]},
			"faces": {
				"north": {"uv": [8, 4, 8, 8], "texture": "#layer0"},
				"east": {"uv": [11, 4, 14, 8], "texture": "#layer0"},
				"south": {"uv": [11, 4, 11, 8], "texture": "#layer0"},
				"west": {"uv": [8, 4, 11, 8], "texture": "#layer0"},
				"up": {"uv": [11, 4, 8, 4], "rotation": 270, "texture": "#layer0"},
				"down": {"uv": [14, 4, 11, 4], "rotation": 90, "texture": "#layer0"}
			}
		},
		{
			"name": "outer_right_wing",
			"from": [10.96, 1, 0.3],
			"to": [10.96, 9, 6.3],
			"rotation": {"angle": 22.5, "axis": "y", "origin": [12, 5, 1]},
			"faces": {
				"north": {"uv": [11, 0, 11, 4], "texture": "#layer0"},
				"east": {"uv": [8, 0, 11, 4], "texture": "#layer0"},
				"south": {"uv": [8, 0, 8, 4], "texture": "#layer0"},
				"west": {"uv": [11, 0, 14, 4], "texture": "#layer0"},
				"up": {"uv": [11, 0, 8, 0], "rotation": 90, "texture": "#layer0"},
				"down": {"uv": [14, 0, 11, 0], "rotation": 270, "texture": "#layer0"}
			}
		},
		{
			"name": "right_wing",
			"from": [9, 2, 0.4],
			"to": [11, 9, 0.4],
			"rotation": {"angle": -22.5, "axis": "y", "origin": [10, 5, 0]},
			"faces": {
				"north": {"uv": [6, 0, 7, 3.5], "texture": "#layer0"},
				"east": {"uv": [6, 0, 6, 3.5], "texture": "#layer0"},
				"south": {"uv": [7, 0, 8, 3.5], "texture": "#layer0"},
				"west": {"uv": [7, 0, 7, 3.5], "texture": "#layer0"},
				"up": {"uv": [7, 0, 6, 0], "texture": "#layer0"},
				"down": {"uv": [8, 0, 7, 0], "texture": "#layer0"}
			}
		}
	],
	"display": {
		"thirdperson_righthand": {
			"rotation": [166.36, 22.52, -114.95],
			"translation": [4.5, -0.75, -5.75]
		},
		"thirdperson_lefthand": {
			"rotation": [166.3, 22.18, -121.7],
			"translation": [5.75, -0.75, -5.75]
		},
		"ground": {
			"translation": [0, 4.75, 0]
		},
		"head": {
			"translation": [0, -50, 27],
			"scale": [3, 3, 3]
		}
	}
}