{
	"credit": "Made with Blockbench",
	"parent": "minecraft:item/handheld",
	"textures": {
		"particle": "item/wooden/catch_net",
		"layer0": "item/wooden/catch_net"
	},
	"display": {
		"thirdperson_righthand": {
			"rotation": [3, -73, 0],
			"translation": [0, 5.25, 2]
		},
		"thirdperson_lefthand": {
			"rotation": [3, 102, 0],
			"translation": [0, 5.25, 2]
		},
		"firstperson_righthand": {
			"rotation": [0, -91, 0],
			"translation": [3.25, 2.5, -4],
			"scale": [1.5, 1.5, 1]
		},
		"firstperson_lefthand": {
			"rotation": [0, 91, 0],
			"translation": [3.25, 2.5, -4],
			"scale": [1.5, 1.5, 1]
		},
		"ground": {
			"translation": [0, 5.5, 0]
		}
	}
}