{
	"credit": "Made with Blockbench",
	"parent": "minecraft:item/handheld",
	"textures": {
		"layer0": "item/stick/cursed_short_sword",
		"particle": "item/stick/cursed_short_sword"
	},
	"display": {
		"thirdperson_righthand": {
			"rotation": [117, -84, 0],
			"translation": [0, 1.75, 0.5],
			"scale": [0.72, 0.72, 0.3]
		},
		"thirdperson_lefthand": {
			"rotation": [117, 91, 0],
			"translation": [0, 1.75, 0.5],
			"scale": [0.72, 0.72, 0.3]
		},
		"firstperson_righthand": {
			"rotation": [105, -85, 0],
			"translation": [-0.5, 0, -1],
			"scale": [0.72, 0.72, 0.3]
		},
		"firstperson_lefthand": {
			"rotation": [92, 90, 0],
			"translation": [-0.5, 0, -1],
			"scale": [0.72, 0.72, 0.3]
		},
		"ground": {
			"translation": [0, 5.5, 0],
			"scale": [0.5, 0.5, 0.5]
		}
	}
}