{
	"credit": "Made with Blockbench",
	"textures": {
		"0": "item/stick/fox_tail/fox",
		"2": "item/stick/fox_tail/new",
		"particle": "item/stick/fox_tail/fox"
	},
	"elements": [
		{
			"name": "tail",
			"from": [6, 1, 6],
			"to": [10, 9, 11],
			"rotation": {"angle": 0, "axis": "y", "origin": [8, 0, 9]},
			"faces": {
				"north": {"uv": [11.66667, 2.5, 13, 6.5], "texture": "#0"},
				"east": {"uv": [10, 2.5, 11.66667, 6.5], "texture": "#0"},
				"south": {"uv": [14.66667, 2.5, 16, 6.5], "texture": "#0"},
				"west": {"uv": [13, 2.5, 14.66667, 6.5], "texture": "#0"},
				"up": {"uv": [13, 2.5, 11.66667, 0], "texture": "#0"},
				"down": {"uv": [14.33333, 0, 13, 2.5], "texture": "#0"}
			}
		},
		{
			"name": "tail",
			"from": [6.5, -1, 7.5],
			"to": [9.5, 2, 11.5],
			"rotation": {"angle": -22.5, "axis": "x", "origin": [8, -1, 10]},
			"faces": {
				"north": {"uv": [0, 6, 3, 9], "texture": "#2"},
				"east": {"uv": [0, 0, 4, 3], "texture": "#2"},
				"south": {"uv": [7, 0, 10, 3], "texture": "#2"},
				"west": {"uv": [0, 3, 4, 6], "texture": "#2"},
				"up": {"uv": [7, 4, 4, 0], "texture": "#2"},
				"down": {"uv": [7, 4, 4, 8], "texture": "#2"}
			}
		},
		{
			"name": "tail",
			"from": [6.5, 8, 5.5],
			"to": [9.5, 12, 9.5],
			"rotation": {"angle": 22.5, "axis": "x", "origin": [8, 6, 8]},
			"faces": {
				"north": {"uv": [11.66667, 2.5, 12.66667, 4.5], "texture": "#0"},
				"east": {"uv": [10.33333, 2.5, 11.66667, 4.5], "texture": "#0"},
				"south": {"uv": [14, 2.5, 15, 4.5], "texture": "#0"},
				"west": {"uv": [12.66667, 2.5, 14, 4.5], "texture": "#0"},
				"up": {"uv": [12.66667, 2.5, 11.66667, 0.5], "texture": "#0"},
				"down": {"uv": [13.66667, 0.5, 12.66667, 2.5], "texture": "#0"}
			}
		}
	],
	"display": {
		"thirdperson_righthand": {
			"translation": [-0.25, 5, 0]
		},
		"thirdperson_lefthand": {
			"translation": [-0.25, 5.25, 0]
		},
		"gui": {
			"translation": [0, 2.75, 0]
		},
		"head": {
			"rotation": [-135, 0, 0],
			"translation": [0, -68, 9.5],
			"scale": [1.7, 1.7, 1.7]
		},
		"fixed": {
			"translation": [0, 2, 0]
		}
	}
}