{
	"credit": "Made with Blockbench",
	"texture_size": [48, 32],
	"textures": {
		"0": "item/stick/fox",
		"particle": "item/stick/fox"
	},
	"elements": [
		{
			"name": "head",
			"from": [4, 0, 6],
			"to": [12, 6, 12],
			"rotation": {"angle": 0, "axis": "y", "origin": [8, 2, 9]},
			"faces": {
				"north": {"uv": [2.33333, 5.5, 5, 8.5], "texture": "#0"},
				"east": {"uv": [0.33333, 5.5, 2.33333, 8.5], "texture": "#0"},
				"south": {"uv": [7, 5.5, 9.66667, 8.5], "texture": "#0"},
				"west": {"uv": [5, 5.5, 7, 8.5], "texture": "#0"},
				"up": {"uv": [5, 5.5, 2.33333, 2.5], "texture": "#0"},
				"down": {"uv": [7.66667, 2.5, 5, 5.5], "texture": "#0"}
			}
		},
		{
			"name": "head",
			"from": [4, 6, 7],
			"to": [6, 8, 8],
			"rotation": {"angle": 0, "axis": "y", "origin": [8, 2, 9]},
			"faces": {
				"north": {"uv": [5.33333, 1, 6, 2], "texture": "#0"},
				"east": {"uv": [5, 1, 5.33333, 2], "texture": "#0"},
				"south": {"uv": [6.33333, 1, 7, 2], "texture": "#0"},
				"west": {"uv": [6, 1, 6.33333, 2], "texture": "#0"},
				"up": {"uv": [6, 1, 5.33333, 0.5], "texture": "#0"},
				"down": {"uv": [6.66667, 0.5, 6, 1], "texture": "#0"}
			}
		},
		{
			"name": "head",
			"from": [10, 6, 7],
			"to": [12, 8, 8],
			"rotation": {"angle": 0, "axis": "y", "origin": [8, 2, 9]},
			"faces": {
				"north": {"uv": [3, 1, 3.66667, 2], "texture": "#0"},
				"east": {"uv": [2.66667, 1, 3, 2], "texture": "#0"},
				"south": {"uv": [4, 1, 4.66667, 2], "texture": "#0"},
				"west": {"uv": [3.66667, 1, 4, 2], "texture": "#0"},
				"up": {"uv": [3.66667, 1, 3, 0.5], "texture": "#0"},
				"down": {"uv": [4.33333, 0.5, 3.66667, 1], "texture": "#0"}
			}
		},
		{
			"name": "head",
			"from": [6, 0, 3],
			"to": [10, 2, 6],
			"rotation": {"angle": 0, "axis": "y", "origin": [8, 2, 9]},
			"faces": {
				"north": {"uv": [3, 10.5, 4.33333, 11.5], "texture": "#0"},
				"east": {"uv": [2, 10.5, 3, 11.5], "texture": "#0"},
				"south": {"uv": [5.33333, 10.5, 6.66667, 11.5], "texture": "#0"},
				"west": {"uv": [4.33333, 10.5, 5.33333, 11.5], "texture": "#0"},
				"up": {"uv": [4.33333, 10.5, 3, 9], "texture": "#0"},
				"down": {"uv": [5.66667, 9, 4.33333, 10.5], "texture": "#0"}
			}
		}
	],
	"display": {
		"thirdperson_righthand": {
			"translation": [0, 3.5, -0.25],
			"scale": [0.75, 0.75, 0.5]
		},
		"thirdperson_lefthand": {
			"translation": [0, 3.5, -0.25],
			"scale": [0.75, 0.75, 0.5]
		},
		"ground": {
			"translation": [0, 5.5, 0]
		},
		"gui": {
			"rotation": [0, 180, 0]
		},
		"head": {
			"translation": [0, 9.5, -6],
			"scale": [1.8, 1.8, 1]
		}
	},
	"groups": [
		{
			"name": "head",
			"origin": [1, 7.5, -3],
			"color": 0,
			"children": [0, 1, 2, 3]
		}
	]
}