{
	"credit": "Made with Blockbench",
	"texture_size": [64, 64],
	"textures": {
		"0": "item/stick/pachinko/main",
		"1": "item/stick/pachinko/display",
		"2": "item/stick/pachinko/body",
		"particle": "item/stick/pachinko/main"
	},
	"elements": [
		{
			"from": [0, 0, 0],
			"to": [16, 16, 16],
			"faces": {
				"north": {"uv": [0, 12, 4, 16], "texture": "#2"},
				"east": {"uv": [0, 4, 4, 8], "texture": "#2"},
				"south": {"uv": [4, 0, 8, 4], "texture": "#2"},
				"west": {"uv": [4, 4, 8, 8], "texture": "#2"},
				"up": {"uv": [4, 12, 0, 8], "texture": "#2"},
				"down": {"uv": [10.5, 0, 8, 4], "texture": "#2"}
			}
		},
		{
			"from": [0, 14, -1],
			"to": [16, 16, 0],
			"faces": {
				"north": {"uv": [12, 8, 16, 8.5], "texture": "#2"},
				"east": {"uv": [0, 0, 0.25, 0.5], "texture": "#2"},
				"south": {"uv": [0, 0, 4, 0.5], "texture": "#2"},
				"west": {"uv": [0, 0, 0.25, 0.5], "texture": "#2"},
				"up": {"uv": [10.5, 5.5, 14.5, 5.75], "texture": "#2"},
				"down": {"uv": [8.5, 7.75, 12.5, 8], "texture": "#2"}
			}
		},
		{
			"from": [0, 24, 1],
			"to": [16, 31.8, 16],
			"rotation": {"angle": 0, "axis": "y", "origin": [0, 16, 0]},
			"faces": {
				"north": {"uv": [0, 0, 4, 1.95], "texture": "#2"},
				"east": {"uv": [0, 0, 3.75, 1.95], "texture": "#2"},
				"south": {"uv": [12, 0.5, 16, 1.45], "texture": "#2"},
				"west": {"uv": [0, 0, 3.75, 1.95], "texture": "#2"},
				"up": {"uv": [0, 0, 4, 3.75], "texture": "#2"},
				"down": {"uv": [0, 1.75, 4, 5.5], "texture": "#2"}
			}
		},
		{
			"from": [0, 16, 2],
			"to": [16, 23, 16],
			"rotation": {"angle": 0, "axis": "y", "origin": [0, 16, 0]},
			"faces": {
				"north": {"uv": [8, 0, 16, 3.5], "texture": "#1"},
				"east": {"uv": [8, 7, 15, 10.5], "texture": "#1"},
				"south": {"uv": [8, 3.5, 16, 7], "texture": "#1"},
				"west": {"uv": [8, 10.5, 15, 14], "texture": "#1"},
				"up": {"uv": [8, 7, 0, 0], "texture": "#1"},
				"down": {"uv": [8, 7, 0, 14], "texture": "#1"}
			}
		},
		{
			"from": [-0.5, 23, 0.5],
			"to": [16.5, 25, 16],
			"rotation": {"angle": 0, "axis": "y", "origin": [0, 16, 0]},
			"faces": {
				"north": {"uv": [8, 1.25, 12, 1.75], "texture": "#2"},
				"east": {"uv": [0, 0, 3.875, 0.5], "texture": "#2"},
				"south": {"uv": [0, 12.5, 4, 16], "texture": "#2"},
				"west": {"uv": [0, 0, 3.875, 0.5], "texture": "#2"},
				"up": {"uv": [4.25, 4.25, 8.25, 8.125], "texture": "#2"},
				"down": {"uv": [0, 0, 4, 3.875], "texture": "#2"}
			}
		},
		{
			"from": [0.5, 4, -3],
			"to": [15.5, 12, 0],
			"rotation": {"angle": 0, "axis": "y", "origin": [0, 4, -3]},
			"faces": {
				"north": {"uv": [0, 0, 7.5, 4], "texture": "#0"},
				"east": {"uv": [7.5, 3, 9, 7], "texture": "#0"},
				"south": {"uv": [0, 4, 7.5, 8], "texture": "#0"},
				"west": {"uv": [7.5, 7, 9, 11], "texture": "#0"},
				"up": {"uv": [15, 1.5, 7.5, 0], "texture": "#0"},
				"down": {"uv": [15, 1.5, 7.5, 3], "texture": "#0"}
			}
		},
		{
			"from": [-0.65, 0, 0],
			"to": [-0.05, 32, 16.05],
			"faces": {
				"north": {"uv": [8.5, 0.25, 8.65, 8.25], "texture": "#2"},
				"east": {"uv": [0, 10.25, 3.75, 14.5], "texture": "#2"},
				"south": {"uv": [8.5, 0.25, 8.65, 8.25], "texture": "#2"},
				"west": {"uv": [13.25, 6.25, 9.25, 14.25], "texture": "#2"},
				"up": {"uv": [8.5, 0.25, 8.65, 4.25], "texture": "#2"},
				"down": {"uv": [8.5, 0.25, 8.65, 4.25], "texture": "#2"}
			}
		},
		{
			"from": [-0.6, 0, -3],
			"to": [0, 16, 16],
			"faces": {
				"north": {"uv": [0, 0, 0.15, 4], "texture": "#2"},
				"east": {"uv": [0, 0, 4.75, 4], "texture": "#2"},
				"south": {"uv": [0, 0, 0.15, 4], "texture": "#2"},
				"west": {"uv": [0, 12, 4.75, 16], "texture": "#2"},
				"up": {"uv": [0, 0, 0.15, 4.75], "texture": "#2"},
				"down": {"uv": [0, 0, 0.15, 4.75], "texture": "#2"}
			}
		},
		{
			"from": [-0.6, 16, -9.3],
			"to": [0, 24, -6.3],
			"rotation": {"angle": 22.5, "axis": "x", "origin": [0, 0, -6]},
			"faces": {
				"north": {"uv": [10.25, 7.75, 10.4, 9.75], "texture": "#2"},
				"east": {"uv": [15.25, 6, 16, 8], "texture": "#2"},
				"south": {"uv": [0, 0, 0.15, 2], "texture": "#2"},
				"west": {"uv": [13, 7.5, 13.75, 9.5], "texture": "#2"},
				"up": {"uv": [0, 0, 0.15, 0.75], "texture": "#2"},
				"down": {"uv": [0, 0, 0.15, 0.75], "texture": "#2"}
			}
		},
		{
			"from": [16, 16, -9.3],
			"to": [16.6, 24, -6.3],
			"rotation": {"angle": 22.5, "axis": "x", "origin": [17, 0, -6]},
			"faces": {
				"north": {"uv": [0, 0, 0.15, 2], "texture": "#2"},
				"east": {"uv": [9.25, 2.5, 10, 4.5], "texture": "#2"},
				"south": {"uv": [0, 0, 0.15, 2], "texture": "#2"},
				"west": {"uv": [15.25, 4.5, 16, 6.5], "texture": "#2"},
				"up": {"uv": [0, 0, 0.15, 0.75], "texture": "#2"},
				"down": {"uv": [0, 0, 0.15, 0.75], "texture": "#2"}
			}
		},
		{
			"from": [16.05, 0, 0],
			"to": [16.65, 32, 16.05],
			"rotation": {"angle": 0, "axis": "y", "origin": [17, 0, 0]},
			"faces": {
				"north": {"uv": [0, 0, 0.15, 8], "texture": "#2"},
				"east": {"uv": [9.25, 6.25, 13.25, 14.25], "texture": "#2"},
				"south": {"uv": [8.75, 0, 8.9, 8], "texture": "#2"},
				"west": {"uv": [3.5, 5.25, 7.5, 13.25], "texture": "#2"},
				"up": {"uv": [0, 0, 0.15, 4], "texture": "#2"},
				"down": {"uv": [0, 0, 0.15, 4], "texture": "#2"}
			}
		},
		{
			"from": [16, 0, -3],
			"to": [16.6, 16, 16],
			"rotation": {"angle": 0, "axis": "y", "origin": [17, 0, 0]},
			"faces": {
				"north": {"uv": [0, 0, 0.15, 4], "texture": "#2"},
				"east": {"uv": [0, 12, 4.75, 16], "texture": "#2"},
				"south": {"uv": [0, 0, 0.15, 4], "texture": "#2"},
				"west": {"uv": [0, 12, 4.75, 16], "texture": "#2"},
				"up": {"uv": [0, 0, 0.15, 4.75], "texture": "#2"},
				"down": {"uv": [0, 0, 0.15, 4.75], "texture": "#2"}
			}
		},
		{
			"from": [0, 31.8, 0],
			"to": [16, 32, 16],
			"rotation": {"angle": 0, "axis": "y", "origin": [0, 31, 0]},
			"faces": {
				"north": {"uv": [10.5, 1.75, 14.5, 3.3], "texture": "#2"},
				"east": {"uv": [11.5, 5, 16, 5.05], "texture": "#2"},
				"south": {"uv": [14.25, 15.2, 16, 16], "texture": "#2"},
				"west": {"uv": [11.5, 6.5, 16, 6.55], "texture": "#2"},
				"up": {"uv": [4.25, 5.5, 8.25, 10], "texture": "#2"},
				"down": {"uv": [0, 5.5, 2.75, 10], "texture": "#2"}
			}
		}
	],
	"display": {
		"gui": {
			"rotation": [0, 180, 0]
		}
	}
}