{
	"credit": "Made with Blockbench",
	"texture_size": [32, 32],
	"textures": {
		"0": "item/stick/pumpkin_basket",
		"particle": "item/stick/pumpkin_basket"
	},
	"elements": [
		{
			"from": [3, 0, 5],
			"to": [13, 0.2, 11],
			"rotation": {"angle": 0, "axis": "y", "origin": [8, 1, 7]},
			"faces": {
				"north": {"uv": [10, 2.5, 15, 2.75], "texture": "#0"},
				"east": {"uv": [10, 7, 13, 7.25], "texture": "#0"},
				"south": {"uv": [3, 10, 8, 10.25], "texture": "#0"},
				"west": {"uv": [10.5, 3, 13.5, 3.25], "texture": "#0"},
				"up": {"uv": [5, 3, 0, 0], "texture": "#0"},
				"down": {"uv": [5, 3, 0, 6], "texture": "#0"}
			}
		},
		{
			"from": [3, 0, 5],
			"to": [3.2, 5, 11],
			"rotation": {"angle": 0, "axis": "y", "origin": [3, 0, 6]},
			"faces": {
				"north": {"uv": [0, 11, 0.25, 13.5], "texture": "#0"},
				"east": {"uv": [5, 7.5, 8, 10], "texture": "#0"},
				"south": {"uv": [0.5, 11, 0.75, 13.5], "texture": "#0"},
				"west": {"uv": [8, 7.5, 11, 10], "texture": "#0"},
				"up": {"uv": [3.75, 13.5, 3.5, 10.5], "texture": "#0"},
				"down": {"uv": [10.75, 3.5, 10.5, 6.5], "texture": "#0"}
			}
		},
		{
			"from": [12.8, 0, 5],
			"to": [13, 5, 11],
			"rotation": {"angle": 0, "axis": "y", "origin": [13, 0, 6]},
			"faces": {
				"north": {"uv": [1, 11, 1.25, 13.5], "texture": "#0"},
				"east": {"uv": [0, 8.5, 3, 11], "texture": "#0"},
				"south": {"uv": [1.5, 11, 1.75, 13.5], "texture": "#0"},
				"west": {"uv": [10, 0, 13, 2.5], "texture": "#0"},
				"up": {"uv": [4.25, 13.5, 4, 10.5], "texture": "#0"},
				"down": {"uv": [4.75, 10.5, 4.5, 13.5], "texture": "#0"}
			}
		},
		{
			"from": [3, 5, 7.75],
			"to": [3.2, 8, 8.25],
			"rotation": {"angle": -22.5, "axis": "z", "origin": [3, 5, 6]},
			"faces": {
				"north": {"uv": [4.5, 8.5, 4.75, 10], "texture": "#0"},
				"east": {"uv": [7, 11, 7.25, 12.5], "texture": "#0"},
				"south": {"uv": [7.5, 11, 7.75, 12.5], "texture": "#0"},
				"west": {"uv": [11, 7.5, 11.25, 9], "texture": "#0"},
				"up": {"uv": [11.25, 9.25, 11, 9], "texture": "#0"},
				"down": {"uv": [11.25, 9.5, 11, 9.75], "texture": "#0"}
			}
		},
		{
			"from": [12.8, 5, 7.75],
			"to": [13, 8, 8.25],
			"rotation": {"angle": 22.5, "axis": "z", "origin": [13, 5, 6]},
			"faces": {
				"north": {"uv": [10.5, 11, 10.75, 12.5], "texture": "#0"},
				"east": {"uv": [11, 11, 11.25, 12.5], "texture": "#0"},
				"south": {"uv": [2, 11.5, 2.25, 13], "texture": "#0"},
				"west": {"uv": [2.5, 11.5, 2.75, 13], "texture": "#0"},
				"up": {"uv": [11.75, 9.25, 11.5, 9], "texture": "#0"},
				"down": {"uv": [11.75, 9.5, 11.5, 9.75], "texture": "#0"}
			}
		},
		{
			"from": [4.3, 7.8, 7.75],
			"to": [4.5, 10.8, 8.25],
			"rotation": {"angle": -45, "axis": "z", "origin": [4, 8, 6]},
			"faces": {
				"north": {"uv": [11.5, 7.5, 11.75, 9], "texture": "#0"},
				"east": {"uv": [11.5, 11, 11.75, 12.5], "texture": "#0"},
				"south": {"uv": [12, 3.5, 12.25, 5], "texture": "#0"},
				"west": {"uv": [12, 7.5, 12.25, 9], "texture": "#0"},
				"up": {"uv": [8.75, 12.25, 8.5, 12], "texture": "#0"},
				"down": {"uv": [9.25, 12, 9, 12.25], "texture": "#0"}
			}
		},
		{
			"from": [11.5, 7.8, 7.75],
			"to": [11.7, 10.8, 8.25],
			"rotation": {"angle": 45, "axis": "z", "origin": [12, 8, 6]},
			"faces": {
				"north": {"uv": [5, 11.5, 5.25, 13], "texture": "#0"},
				"east": {"uv": [5.5, 11.5, 5.75, 13], "texture": "#0"},
				"south": {"uv": [6, 11.5, 6.25, 13], "texture": "#0"},
				"west": {"uv": [6.5, 11.5, 6.75, 13], "texture": "#0"},
				"up": {"uv": [12.25, 6.75, 12, 6.5], "texture": "#0"},
				"down": {"uv": [8.25, 12, 8, 12.25], "texture": "#0"}
			}
		},
		{
			"from": [6.25, 9.6, 7.75],
			"to": [9.75, 9.8, 8.25],
			"rotation": {"angle": 0, "axis": "z", "origin": [9, 10, 6]},
			"faces": {
				"north": {"uv": [5, 11, 6.75, 11.25], "texture": "#0"},
				"east": {"uv": [12, 9, 12.25, 9.25], "texture": "#0"},
				"south": {"uv": [11, 5, 12.75, 5.25], "texture": "#0"},
				"west": {"uv": [9.5, 12, 9.75, 12.25], "texture": "#0"},
				"up": {"uv": [12.75, 5.75, 11, 5.5], "texture": "#0"},
				"down": {"uv": [12.75, 6, 11, 6.25], "texture": "#0"}
			}
		},
		{
			"from": [3, 0, 5],
			"to": [13, 5, 5.3],
			"rotation": {"angle": 0, "axis": "y", "origin": [8, 0, 4]},
			"faces": {
				"north": {"uv": [0, 6, 5, 8.5], "texture": "#0"},
				"east": {"uv": [0, 0, 0, 2.5], "texture": "#0"},
				"south": {"uv": [5, 2.5, 10, 5], "texture": "#0"},
				"west": {"uv": [0, 0, 0, 2.5], "texture": "#0"},
				"up": {"uv": [5, 0, 0, 0], "texture": "#0"},
				"down": {"uv": [5, 0, 0, 0], "texture": "#0"}
			}
		},
		{
			"from": [13, 1, 10.7],
			"to": [14, 5, 11],
			"rotation": {"angle": 0, "axis": "y", "origin": [13, 1, 10]},
			"faces": {
				"north": {"uv": [10, 10, 10.5, 12], "texture": "#0"},
				"east": {"uv": [0, 0, 0, 2], "texture": "#0"},
				"south": {"uv": [3, 10.5, 3.5, 12.5], "texture": "#0"},
				"west": {"uv": [0, 0, 0, 2], "texture": "#0"},
				"up": {"uv": [0.5, 0, 0, 0], "texture": "#0"},
				"down": {"uv": [0.5, 0, 0, 0], "texture": "#0"}
			}
		},
		{
			"from": [2, 1, 10.7],
			"to": [3, 5, 11],
			"rotation": {"angle": 0, "axis": "y", "origin": [2, 1, 10]},
			"faces": {
				"north": {"uv": [9, 10, 9.5, 12], "texture": "#0"},
				"east": {"uv": [0, 0, 0, 2], "texture": "#0"},
				"south": {"uv": [9.5, 10, 10, 12], "texture": "#0"},
				"west": {"uv": [0, 0, 0, 2], "texture": "#0"},
				"up": {"uv": [0.5, 0, 0, 0], "texture": "#0"},
				"down": {"uv": [0.5, 0, 0, 0], "texture": "#0"}
			}
		},
		{
			"from": [7, 5, 10.7],
			"to": [9, 6, 11],
			"rotation": {"angle": 0, "axis": "y", "origin": [5, 0, 10]},
			"faces": {
				"north": {"uv": [11, 4, 12, 4.5], "texture": "#0"},
				"east": {"uv": [0, 0, 0, 0.5], "texture": "#0"},
				"south": {"uv": [11, 4.5, 12, 5], "texture": "#0"},
				"west": {"uv": [0, 0, 0, 0.5], "texture": "#0"},
				"up": {"uv": [1, 0, 0, 0], "texture": "#0"},
				"down": {"uv": [1, 0, 0, 0], "texture": "#0"}
			}
		},
		{
			"from": [3, 5, 10.7],
			"to": [6, 6, 11],
			"rotation": {"angle": 0, "axis": "y", "origin": [2, 0, 10]},
			"faces": {
				"north": {"uv": [10.5, 10, 12, 10.5], "texture": "#0"},
				"east": {"uv": [0, 0, 0, 0.5], "texture": "#0"},
				"south": {"uv": [10.5, 10.5, 12, 11], "texture": "#0"},
				"west": {"uv": [0, 0, 0, 0.5], "texture": "#0"},
				"up": {"uv": [1.5, 0, 0, 0], "texture": "#0"},
				"down": {"uv": [1.5, 0, 0, 0], "texture": "#0"}
			}
		},
		{
			"from": [10, 5, 10.7],
			"to": [13, 6, 11],
			"rotation": {"angle": 0, "axis": "y", "origin": [8, 0, 10]},
			"faces": {
				"north": {"uv": [6.5, 10.5, 8, 11], "texture": "#0"},
				"east": {"uv": [0, 0, 0, 0.5], "texture": "#0"},
				"south": {"uv": [10.5, 6.5, 12, 7], "texture": "#0"},
				"west": {"uv": [0, 0, 0, 0.5], "texture": "#0"},
				"up": {"uv": [1.5, 0, 0, 0], "texture": "#0"},
				"down": {"uv": [1.5, 0, 0, 0], "texture": "#0"}
			}
		},
		{
			"from": [3, 0, 10.7],
			"to": [13, 5, 11],
			"rotation": {"angle": 0, "axis": "y", "origin": [8, 0, 10]},
			"faces": {
				"north": {"uv": [10, 5, 5, 7.5], "texture": "#0"},
				"east": {"uv": [0, 0, 0, 2.5], "texture": "#0"},
				"south": {"uv": [0, 6, 5, 8.5], "texture": "#0"},
				"west": {"uv": [0, 0, 0, 2.5], "texture": "#0"},
				"up": {"uv": [5, 0, 0, 0], "texture": "#0"},
				"down": {"uv": [5, 0, 0, 0], "texture": "#0"}
			}
		},
		{
			"from": [10, 5, 5],
			"to": [13, 6, 5.3],
			"rotation": {"angle": 0, "axis": "y", "origin": [8, 0, 4]},
			"faces": {
				"north": {"uv": [3, 8.5, 4.5, 9], "texture": "#0"},
				"east": {"uv": [0, 0, 0, 0.5], "texture": "#0"},
				"south": {"uv": [3, 9, 4.5, 9.5], "texture": "#0"},
				"west": {"uv": [0, 0, 0, 0.5], "texture": "#0"},
				"up": {"uv": [1.5, 0, 0, 0], "texture": "#0"},
				"down": {"uv": [1.5, 0, 0, 0], "texture": "#0"}
			}
		},
		{
			"from": [3, 5, 5],
			"to": [6, 6, 5.3],
			"rotation": {"angle": 0, "axis": "y", "origin": [2, 0, 4]},
			"faces": {
				"north": {"uv": [3, 9.5, 4.5, 10], "texture": "#0"},
				"east": {"uv": [0, 0, 0, 0.5], "texture": "#0"},
				"south": {"uv": [5, 10.5, 6.5, 11], "texture": "#0"},
				"west": {"uv": [0, 0, 0, 0.5], "texture": "#0"},
				"up": {"uv": [1.5, 0, 0, 0], "texture": "#0"},
				"down": {"uv": [1.5, 0, 0, 0], "texture": "#0"}
			}
		},
		{
			"from": [7, 5, 5],
			"to": [9, 6, 5.3],
			"rotation": {"angle": 0, "axis": "y", "origin": [5, 0, 4]},
			"faces": {
				"north": {"uv": [2, 11, 3, 11.5], "texture": "#0"},
				"east": {"uv": [0, 0, 0, 0.5], "texture": "#0"},
				"south": {"uv": [11, 3.5, 12, 4], "texture": "#0"},
				"west": {"uv": [0, 0, 0, 0.5], "texture": "#0"},
				"up": {"uv": [1, 0, 0, 0], "texture": "#0"},
				"down": {"uv": [1, 0, 0, 0], "texture": "#0"}
			}
		},
		{
			"from": [2, 1, 5],
			"to": [3, 5, 5.3],
			"rotation": {"angle": 0, "axis": "y", "origin": [2, 1, 4]},
			"faces": {
				"north": {"uv": [10, 3, 10.5, 5], "texture": "#0"},
				"east": {"uv": [0, 0, 0, 2], "texture": "#0"},
				"south": {"uv": [10, 5, 10.5, 7], "texture": "#0"},
				"west": {"uv": [0, 0, 0, 2], "texture": "#0"},
				"up": {"uv": [0.5, 0, 0, 0], "texture": "#0"},
				"down": {"uv": [0.5, 0, 0, 0], "texture": "#0"}
			}
		},
		{
			"from": [13, 1, 5],
			"to": [14, 5, 5.3],
			"rotation": {"angle": 0, "axis": "y", "origin": [13, 1, 4]},
			"faces": {
				"north": {"uv": [8, 10, 8.5, 12], "texture": "#0"},
				"east": {"uv": [0, 0, 0, 2], "texture": "#0"},
				"south": {"uv": [8.5, 10, 9, 12], "texture": "#0"},
				"west": {"uv": [0, 0, 0, 2], "texture": "#0"},
				"up": {"uv": [0.5, 0, 0, 0], "texture": "#0"},
				"down": {"uv": [0.5, 0, 0, 0], "texture": "#0"}
			}
		}
	],
	"display": {
		"thirdperson_righthand": {
			"rotation": [80, -41, 0],
			"translation": [-0.5, -1.5, -0.25]
		},
		"thirdperson_lefthand": {
			"rotation": [80, -41, 0],
			"translation": [0.5, -1.5, -0.25]
		}
	}
}