{
	"parent": "minecraft:item/handheld",
	"textures": {
		"particle": "item/diamond/reepers_scythe",
		"layer0": "item/diamond/reepers_scythe"
	},
	"display": {
		"thirdperson_righthand": {
			"rotation": [3, 98, 0],
			"translation": [0, 1.75, 0.5],
			"scale": [2, 2, 1]
		},
		"thirdperson_lefthand": {
			"rotation": [3, -77, 0],
			"translation": [0, 1.75, 0.5],
			"scale": [2, 2, 1]
		},
		"firstperson_righthand": {
			"rotation": [0, 90, 0],
			"translation": [-0.5, 0, -1],
			"scale": [1.5, 1.5, 1]
		},
		"firstperson_lefthand": {
			"rotation": [0, -90, 0],
			"translation": [-0.5, 0, -1],
			"scale": [1.5, 1.5, 1]
		},
		"ground": {
			"translation": [0, 5.5, 0],
			"scale": [1.5, 1.5, 1]
		}
	}
}