{
	"credit": "Made with Blockbench",
	"textures": {
		"0": "item/stick/backpack/tc_backpack",
		"1": "item/stick/backpack/bagstrap",
		"2": "item/stick/backpack/tc_pocket",
		"3": "item/stick/backpack/string",
		"4": "item/stick/backpack/pocketcloser",
		"particle": "item/stick/backpack/tc_backpack"
	},
	"elements": [
		{
			"from": [4, 0, 5],
			"to": [12, 10, 9],
			"rotation": {"angle": 0, "axis": "y", "origin": [7, 0, 5]},
			"faces": {
				"north": {"uv": [0, 0, 4, 5], "texture": "#0"},
				"east": {"uv": [0, 5, 2, 10], "texture": "#0"},
				"south": {"uv": [4, 0, 8, 5], "texture": "#0"},
				"west": {"uv": [2, 5, 4, 10], "texture": "#0"},
				"up": {"uv": [8, 7, 4, 5], "texture": "#0"},
				"down": {"uv": [8, 7, 4, 9], "texture": "#0"}
			}
		},
		{
			"from": [5, 0.5, 9],
			"to": [11, 3.5, 10],
			"rotation": {"angle": 0, "axis": "y", "origin": [9, 0, 9]},
			"faces": {
				"north": {"uv": [0, 0, 6, 3], "texture": "#2"},
				"east": {"uv": [0, 10, 1, 13], "texture": "#2"},
				"south": {"uv": [0, 3, 6, 6], "texture": "#2"},
				"west": {"uv": [1, 10, 2, 13], "texture": "#2"},
				"up": {"uv": [12, 7, 6, 6], "texture": "#2"},
				"down": {"uv": [12, 7, 6, 8], "texture": "#2"}
			}
		},
		{
			"from": [3.2, 3.5, 5.65],
			"to": [4, 4.5, 8.35],
			"rotation": {"angle": 0, "axis": "y", "origin": [4, 3, 9]},
			"faces": {
				"north": {"uv": [15, 0, 16, 1], "texture": "#2"},
				"east": {"uv": [13, 5, 16, 6], "texture": "#2"},
				"south": {"uv": [15, 1, 16, 2], "texture": "#2"},
				"west": {"uv": [13, 6, 16, 7], "texture": "#2"},
				"up": {"uv": [9, 16, 8, 13], "texture": "#2"},
				"down": {"uv": [10, 13, 9, 16], "texture": "#2"}
			}
		},
		{
			"from": [12, 0.5, 5.5],
			"to": [13, 3.5, 8.5],
			"rotation": {"angle": 0, "axis": "y", "origin": [12, 0, 5]},
			"faces": {
				"north": {"uv": [2, 10, 3, 13], "texture": "#2"},
				"east": {"uv": [0, 6, 3, 9], "texture": "#2"},
				"south": {"uv": [3, 10, 4, 13], "texture": "#2"},
				"west": {"uv": [6, 0, 9, 3], "texture": "#2"},
				"up": {"uv": [5, 13, 4, 10], "texture": "#2"},
				"down": {"uv": [6, 10, 5, 13], "texture": "#2"}
			}
		},
		{
			"from": [12, 7.5, 5.65],
			"to": [12.8, 8.5, 8.35],
			"rotation": {"angle": 0, "axis": "y", "origin": [12, 7, 5]},
			"faces": {
				"north": {"uv": [14, 10, 15, 11], "texture": "#2"},
				"east": {"uv": [8, 12, 11, 13], "texture": "#2"},
				"south": {"uv": [14, 11, 15, 12], "texture": "#2"},
				"west": {"uv": [12, 8, 15, 9], "texture": "#2"},
				"up": {"uv": [13, 12, 12, 9], "texture": "#2"},
				"down": {"uv": [12, 12, 11, 15], "texture": "#2"}
			}
		},
		{
			"from": [12, 5.5, 5.5],
			"to": [13, 7.5, 8.5],
			"rotation": {"angle": 0, "axis": "y", "origin": [12, 5, 5]},
			"faces": {
				"north": {"uv": [0, 14, 1, 16], "texture": "#2"},
				"east": {"uv": [9, 2, 12, 4], "texture": "#2"},
				"south": {"uv": [1, 14, 2, 16], "texture": "#2"},
				"west": {"uv": [9, 4, 12, 6], "texture": "#2"},
				"up": {"uv": [7, 15, 6, 12], "texture": "#2"},
				"down": {"uv": [8, 12, 7, 15], "texture": "#2"}
			}
		},
		{
			"from": [12, 3.5, 5.65],
			"to": [12.8, 4.5, 8.35],
			"rotation": {"angle": 0, "axis": "y", "origin": [12, 3, 5]},
			"faces": {
				"north": {"uv": [14, 7, 15, 8], "texture": "#2"},
				"east": {"uv": [6, 11, 9, 12], "texture": "#2"},
				"south": {"uv": [14, 9, 15, 10], "texture": "#2"},
				"west": {"uv": [9, 11, 12, 12], "texture": "#2"},
				"up": {"uv": [13, 5, 12, 2], "texture": "#2"},
				"down": {"uv": [13, 5, 12, 8], "texture": "#2"}
			}
		},
		{
			"from": [3, 0.5, 5.5],
			"to": [4, 3.5, 8.5],
			"rotation": {"angle": 0, "axis": "y", "origin": [4, 0, 9]},
			"faces": {
				"north": {"uv": [13, 9, 14, 12], "texture": "#2"},
				"east": {"uv": [3, 6, 6, 9], "texture": "#2"},
				"south": {"uv": [10, 13, 11, 16], "texture": "#2"},
				"west": {"uv": [6, 3, 9, 6], "texture": "#2"},
				"up": {"uv": [13, 16, 12, 13], "texture": "#2"},
				"down": {"uv": [14, 13, 13, 16], "texture": "#2"}
			}
		},
		{
			"from": [3.2, 7.5, 5.65],
			"to": [4, 8.5, 8.35],
			"rotation": {"angle": 0, "axis": "y", "origin": [4, 7, 9]},
			"faces": {
				"north": {"uv": [14, 13, 15, 14], "texture": "#2"},
				"east": {"uv": [12, 12, 15, 13], "texture": "#2"},
				"south": {"uv": [14, 14, 15, 15], "texture": "#2"},
				"west": {"uv": [0, 13, 3, 14], "texture": "#2"},
				"up": {"uv": [14, 5, 13, 2], "texture": "#2"},
				"down": {"uv": [4, 13, 3, 16], "texture": "#2"}
			}
		},
		{
			"from": [3, 5.5, 5.5],
			"to": [4, 7.5, 8.5],
			"rotation": {"angle": 0, "axis": "y", "origin": [4, 5, 9]},
			"faces": {
				"north": {"uv": [2, 14, 3, 16], "texture": "#2"},
				"east": {"uv": [6, 9, 9, 11], "texture": "#2"},
				"south": {"uv": [14, 2, 15, 4], "texture": "#2"},
				"west": {"uv": [9, 9, 12, 11], "texture": "#2"},
				"up": {"uv": [5, 16, 4, 13], "texture": "#2"},
				"down": {"uv": [6, 13, 5, 16], "texture": "#2"}
			}
		},
		{
			"from": [5.15, 3.5, 9],
			"to": [10.85, 4.5, 9.8],
			"rotation": {"angle": 0, "axis": "y", "origin": [9, 3, 9]},
			"faces": {
				"north": {"uv": [6, 8, 12, 9], "texture": "#2"},
				"east": {"uv": [13, 7, 14, 8], "texture": "#2"},
				"south": {"uv": [0, 9, 6, 10], "texture": "#2"},
				"west": {"uv": [14, 4, 15, 5], "texture": "#2"},
				"up": {"uv": [15, 1, 9, 0], "texture": "#2"},
				"down": {"uv": [15, 1, 9, 2], "texture": "#2"}
			}
		},
		{
			"from": [5, 5, 9],
			"to": [6, 10, 9.3],
			"rotation": {"angle": 0, "axis": "y", "origin": [5, 5, 9]},
			"faces": {
				"north": {"uv": [0, 0, 1, 5], "texture": "#3"},
				"east": {"uv": [0, 0, 0.3, 5], "texture": "#3"},
				"south": {"uv": [0, 0, 1, 5], "texture": "#3"},
				"west": {"uv": [0, 0, 0.3, 5], "texture": "#3"},
				"up": {"uv": [0, 0, 1, 0.3], "texture": "#3"},
				"down": {"uv": [0, 0, 1, 0.3], "texture": "#3"}
			}
		},
		{
			"from": [4.8, 6, 9.3],
			"to": [6.2, 7, 9.6],
			"rotation": {"angle": 0, "axis": "y", "origin": [10, 5, 9]},
			"faces": {
				"north": {"uv": [0, 0, 1, 1], "texture": "#4"},
				"east": {"uv": [0, 1, 1, 2], "texture": "#4"},
				"south": {"uv": [0, 0, 1, 1], "texture": "#4"},
				"west": {"uv": [0, 1, 1, 2], "texture": "#4"},
				"up": {"uv": [2, 1, 1, 0], "texture": "#4"},
				"down": {"uv": [2, 0, 1, 1], "texture": "#4"}
			}
		},
		{
			"from": [9.8, 3.2, 10.6],
			"to": [10.2, 4.2, 10.7],
			"rotation": {"angle": -22.5, "axis": "x", "origin": [15, 2, 11]},
			"faces": {
				"north": {"uv": [0, 0, 1, 1], "texture": "#4"},
				"east": {"uv": [0, 1, 1, 2], "texture": "#4"},
				"south": {"uv": [0, 0, 1, 1], "texture": "#4"},
				"west": {"uv": [0, 1, 1, 2], "texture": "#4"},
				"up": {"uv": [2, 1, 1, 0], "texture": "#4"},
				"down": {"uv": [2, 0, 1, 1], "texture": "#4"}
			}
		},
		{
			"from": [13.1, 3.2, 5.8],
			"to": [13.2, 4.2, 6.2],
			"rotation": {"angle": 22.5, "axis": "z", "origin": [13.6, 3.2, 6.8]},
			"faces": {
				"north": {"uv": [0, 1, 1, 2], "texture": "#4"},
				"east": {"uv": [0, 0, 1, 1], "texture": "#4"},
				"south": {"uv": [0, 1, 1, 2], "texture": "#4"},
				"west": {"uv": [0, 0, 1, 1], "texture": "#4"},
				"up": {"uv": [2, 1, 1, 0], "rotation": 270, "texture": "#4"},
				"down": {"uv": [2, 0, 1, 1], "rotation": 90, "texture": "#4"}
			}
		},
		{
			"from": [13.1, 7.2, 5.8],
			"to": [13.2, 8.2, 6.2],
			"rotation": {"angle": 22.5, "axis": "z", "origin": [13.6, 7.2, 6.8]},
			"faces": {
				"north": {"uv": [0, 1, 1, 2], "texture": "#4"},
				"east": {"uv": [0, 0, 1, 1], "texture": "#4"},
				"south": {"uv": [0, 1, 1, 2], "texture": "#4"},
				"west": {"uv": [0, 0, 1, 1], "texture": "#4"},
				"up": {"uv": [2, 1, 1, 0], "rotation": 270, "texture": "#4"},
				"down": {"uv": [2, 0, 1, 1], "rotation": 90, "texture": "#4"}
			}
		},
		{
			"from": [2.8, 3.15, 5.8],
			"to": [2.9, 4.15, 6.2],
			"rotation": {"angle": -22.5, "axis": "z", "origin": [2.6, 3.2, 6.8]},
			"faces": {
				"north": {"uv": [0, 1, 1, 2], "texture": "#4"},
				"east": {"uv": [0, 0, 1, 1], "texture": "#4"},
				"south": {"uv": [0, 1, 1, 2], "texture": "#4"},
				"west": {"uv": [0, 0, 1, 1], "texture": "#4"},
				"up": {"uv": [2, 1, 1, 0], "rotation": 270, "texture": "#4"},
				"down": {"uv": [2, 0, 1, 1], "rotation": 90, "texture": "#4"}
			}
		},
		{
			"from": [2.8, 7.15, 5.8],
			"to": [2.9, 8.15, 6.2],
			"rotation": {"angle": -22.5, "axis": "z", "origin": [2.6, 7.2, 6.8]},
			"faces": {
				"north": {"uv": [0, 1, 1, 2], "texture": "#4"},
				"east": {"uv": [0, 0, 1, 1], "texture": "#4"},
				"south": {"uv": [0, 1, 1, 2], "texture": "#4"},
				"west": {"uv": [0, 0, 1, 1], "texture": "#4"},
				"up": {"uv": [2, 1, 1, 0], "rotation": 270, "texture": "#4"},
				"down": {"uv": [2, 0, 1, 1], "rotation": 90, "texture": "#4"}
			}
		},
		{
			"from": [9.8, 6, 9.3],
			"to": [11.2, 7, 9.6],
			"rotation": {"angle": 0, "axis": "y", "origin": [10, 5, 9]},
			"faces": {
				"north": {"uv": [0, 0, 1, 1], "texture": "#4"},
				"east": {"uv": [0, 1, 1, 2], "texture": "#4"},
				"south": {"uv": [0, 0, 1, 1], "texture": "#4"},
				"west": {"uv": [0, 1, 1, 2], "texture": "#4"},
				"up": {"uv": [2, 1, 1, 0], "texture": "#4"},
				"down": {"uv": [2, 0, 1, 1], "texture": "#4"}
			}
		},
		{
			"from": [11, 5, 0],
			"to": [12, 10, 0.3],
			"rotation": {"angle": 0, "axis": "y", "origin": [11, 5, 0]},
			"faces": {
				"north": {"uv": [0, 0, 1, 5], "texture": "#1"},
				"east": {"uv": [0, 0, 0.3, 5], "texture": "#1"},
				"south": {"uv": [0, 0, 1, 5], "texture": "#1"},
				"west": {"uv": [0, 0, 0.3, 5], "texture": "#1"},
				"up": {"uv": [0, 0, 1, 0.3], "texture": "#1"},
				"down": {"uv": [0, 0, 1, 0.3], "texture": "#1"}
			}
		},
		{
			"from": [4, -0.4, 2],
			"to": [5, 5, 2.3],
			"rotation": {"angle": -22.5, "axis": "x", "origin": [4, 0, 1]},
			"faces": {
				"north": {"uv": [0, 0, 1, 5], "texture": "#1"},
				"east": {"uv": [0, 0, 0.3, 5], "texture": "#1"},
				"south": {"uv": [0, 0, 1, 5], "texture": "#1"},
				"west": {"uv": [0, 0, 0.3, 5], "texture": "#1"},
				"up": {"uv": [0, 0, 1, 0.3], "texture": "#1"},
				"down": {"uv": [0, 0, 1, 0.3], "texture": "#1"}
			}
		},
		{
			"from": [11, -0.4, 2],
			"to": [12, 5, 2.3],
			"rotation": {"angle": -22.5, "axis": "x", "origin": [11, 0, 1]},
			"faces": {
				"north": {"uv": [0, 0, 1, 5], "texture": "#1"},
				"east": {"uv": [0, 0, 0.3, 5], "texture": "#1"},
				"south": {"uv": [0, 0, 1, 5], "texture": "#1"},
				"west": {"uv": [0, 0, 0.3, 5], "texture": "#1"},
				"up": {"uv": [0, 0, 1, 0.3], "texture": "#1"},
				"down": {"uv": [0, 0, 1, 0.3], "texture": "#1"}
			}
		},
		{
			"from": [4, 5, 0],
			"to": [5, 10, 0.3],
			"rotation": {"angle": 0, "axis": "y", "origin": [4, 5, 0]},
			"faces": {
				"north": {"uv": [0, 0, 1, 5], "texture": "#1"},
				"east": {"uv": [0, 0, 0.3, 5], "texture": "#1"},
				"south": {"uv": [0, 0, 1, 5], "texture": "#1"},
				"west": {"uv": [0, 0, 0.3, 5], "texture": "#1"},
				"up": {"uv": [0, 0, 1, 0.3], "texture": "#1"},
				"down": {"uv": [0, 0, 1, 0.3], "texture": "#1"}
			}
		},
		{
			"from": [5, 10, 5],
			"to": [6, 10.3, 9.3],
			"rotation": {"angle": 0, "axis": "y", "origin": [5, 10, 6]},
			"faces": {
				"north": {"uv": [2, 2, 3, 3], "texture": "#3"},
				"east": {"uv": [0, 0, 4, 1], "texture": "#3"},
				"south": {"uv": [2, 3, 3, 4], "texture": "#3"},
				"west": {"uv": [0, 1, 4, 2], "texture": "#3"},
				"up": {"uv": [1, 6, 0, 2], "texture": "#3"},
				"down": {"uv": [2, 2, 1, 6], "texture": "#3"}
			}
		},
		{
			"from": [11, 10, 0],
			"to": [12, 10.3, 5.3],
			"rotation": {"angle": 0, "axis": "y", "origin": [11, 10, 2]},
			"faces": {
				"north": {"uv": [2, 2, 3, 3], "texture": "#1"},
				"east": {"uv": [0, 0, 5, 1], "texture": "#1"},
				"south": {"uv": [2, 3, 3, 4], "texture": "#1"},
				"west": {"uv": [0, 1, 5, 2], "texture": "#1"},
				"up": {"uv": [1, 7, 0, 2], "texture": "#1"},
				"down": {"uv": [2, 2, 1, 7], "texture": "#1"}
			}
		},
		{
			"from": [4, 10, 0],
			"to": [5, 10.3, 5.3],
			"rotation": {"angle": 0, "axis": "y", "origin": [4, 10, 2]},
			"faces": {
				"north": {"uv": [0, 0, 1, 0.3], "texture": "#1"},
				"east": {"uv": [0, 0, 4.3, 0.3], "texture": "#1"},
				"south": {"uv": [0, 0, 1, 0.3], "texture": "#1"},
				"west": {"uv": [0, 0, 4.3, 0.3], "texture": "#1"},
				"up": {"uv": [0, 0, 1, 4.3], "texture": "#1"},
				"down": {"uv": [0, 0, 1, 4.3], "texture": "#1"}
			}
		},
		{
			"from": [11, 0, 2.1],
			"to": [12, 0.3, 5],
			"rotation": {"angle": 0, "axis": "y", "origin": [11, 0, 2]},
			"faces": {
				"north": {"uv": [0, 0, 1, 0.3], "texture": "#1"},
				"east": {"uv": [0, 0, 4.3, 0.3], "texture": "#1"},
				"south": {"uv": [0, 0, 1, 0.3], "texture": "#1"},
				"west": {"uv": [0, 0, 4.3, 0.3], "texture": "#1"},
				"up": {"uv": [0, 0, 1, 4.3], "texture": "#1"},
				"down": {"uv": [0, 0, 1, 4.3], "texture": "#1"}
			}
		},
		{
			"from": [4, 0, 2.1],
			"to": [5, 0.3, 5],
			"rotation": {"angle": 0, "axis": "y", "origin": [4, 0, 2]},
			"faces": {
				"north": {"uv": [0, 0, 1, 0.3], "texture": "#1"},
				"east": {"uv": [0, 0, 4.3, 0.3], "texture": "#1"},
				"south": {"uv": [0, 0, 1, 0.3], "texture": "#1"},
				"west": {"uv": [0, 0, 4.3, 0.3], "texture": "#1"},
				"up": {"uv": [0, 0, 1, 4.3], "texture": "#1"},
				"down": {"uv": [0, 0, 1, 4.3], "texture": "#1"}
			}
		},
		{
			"from": [10, 10, 5],
			"to": [11, 10.3, 9.3],
			"rotation": {"angle": 0, "axis": "y", "origin": [10, 10, 6]},
			"faces": {
				"north": {"uv": [0, 0, 1, 0.3], "texture": "#3"},
				"east": {"uv": [0, 0, 4.3, 0.3], "texture": "#3"},
				"south": {"uv": [0, 0, 1, 0.3], "texture": "#3"},
				"west": {"uv": [0, 0, 4.3, 0.3], "texture": "#3"},
				"up": {"uv": [0, 0, 1, 4.3], "texture": "#3"},
				"down": {"uv": [0, 0, 1, 4.3], "texture": "#3"}
			}
		},
		{
			"from": [10, 5, 9],
			"to": [11, 10, 9.3],
			"rotation": {"angle": 0, "axis": "y", "origin": [10, 5, 9]},
			"faces": {
				"north": {"uv": [0, 0, 1, 5], "texture": "#3"},
				"east": {"uv": [0, 0, 0.3, 5], "texture": "#3"},
				"south": {"uv": [0, 0, 1, 5], "texture": "#3"},
				"west": {"uv": [0, 0, 0.3, 5], "texture": "#3"},
				"up": {"uv": [0, 0, 1, 0.3], "texture": "#3"},
				"down": {"uv": [0, 0, 1, 0.3], "texture": "#3"}
			}
		}
	],
	"display": {
		"thirdperson_righthand": {
			"rotation": [0, 180, 0],
			"translation": [3.25, 0, -5]
		},
		"thirdperson_lefthand": {
			"rotation": [0, 180, 0],
			"translation": [4.25, 0, -3.75]
		},
		"firstperson_righthand": {
			"rotation": [0, 180, 0]
		},
		"firstperson_lefthand": {
			"rotation": [0, 180, 0]
		},
		"head": {
			"translation": [0, -57.5, 7.5],
			"scale": [1.5, 1.5, 1.5]
		}
	}
}