{
	"credit": "Made with Blockbench",
	"texture_size": [128, 64],
	"textures": {
		"particle": "item/stick/turtle_shell",
		"layer0": "item/stick/turtle_shell"
	},
	"elements": [
		{
			"name": "body_rotation",
			"from": [-1.5, 1, 7],
			"to": [17.5, 21, 13],
			"rotation": {"angle": 0, "axis": "x", "origin": [8, 11, 9]},
			"faces": {
				"north": {"uv": [1.625, 10.75, 4, 15.75], "texture": "#layer0"},
				"east": {"uv": [0.875, 10.75, 1.625, 15.75], "texture": "#layer0"},
				"south": {"uv": [4.75, 10.75, 7.125, 15.75], "texture": "#layer0"},
				"west": {"uv": [4, 10.75, 4.75, 15.75], "texture": "#layer0"},
				"up": {"uv": [4, 10.75, 1.625, 9.25], "texture": "#layer0"},
				"down": {"uv": [6.375, 9.25, 4, 10.75], "texture": "#layer0"}
			}
		},
		{
			"name": "body_rotation",
			"from": [0.5, 3, 0],
			"to": [15.5, 21, 7],
			"rotation": {"angle": 0, "axis": "x", "origin": [8, 11, 9]},
			"faces": {
				"north": {"uv": [4, 1, 5.875, 5.5], "texture": "#layer0"},
				"east": {"uv": [3.125, 1, 4, 5.5], "texture": "#layer0"},
				"south": {"uv": [6.75, 1, 8.625, 5.5], "texture": "#layer0"},
				"west": {"uv": [5.875, 1, 6.75, 5.5], "texture": "#layer0"},
				"up": {"uv": [5.875, 1, 4, 0], "texture": "#layer0"},
				"down": {"uv": [7.75, 0, 5.875, 1], "texture": "#layer0"}
			}
		},
		{
			"name": "body2_rotation",
			"from": [2.5, 3, -1],
			"to": [13.5, 21, 0],
			"rotation": {"angle": 0, "axis": "x", "origin": [8, 11, 15]},
			"faces": {
				"north": {"uv": [8.75, 8.5, 10.125, 13], "texture": "#layer0"},
				"east": {"uv": [8.625, 8.5, 8.75, 13], "texture": "#layer0"},
				"south": {"uv": [10.25, 8.5, 11.625, 13], "texture": "#layer0"},
				"west": {"uv": [10.125, 8.5, 10.25, 13], "texture": "#layer0"},
				"up": {"uv": [10.125, 8.5, 8.75, 8.25], "texture": "#layer0"},
				"down": {"uv": [11.5, 8.25, 10.125, 8.5], "texture": "#layer0"}
			}
		}
	],
	"display": {
		"thirdperson_righthand": {
			"scale": [0.5, 0.5, 0.5]
		},
		"thirdperson_lefthand": {
			"scale": [0.5, 0.5, 0.5]
		},
		"firstperson_righthand": {
			"rotation": [0, 125, 0],
			"translation": [0, 2.5, 0],
			"scale": [0.3, 0.3, 0.3]
		},
		"firstperson_lefthand": {
			"rotation": [0, 125, 0],
			"translation": [0, 2.5, 0],
			"scale": [0.3, 0.3, 0.3]
		},
		"ground": {
			"translation": [0, 1.5, 0],
			"scale": [0.5, 0.5, 0.5]
		},
		"gui": {
			"translation": [0, -1.75, 0],
			"scale": [0.6, 0.6, 0.6]
		},
		"head": {
			"translation": [0, -65, 3.75]
		},
		"fixed": {
			"rotation": [0, 180, 0],
			"translation": [0, -1.75, 0],
			"scale": [0.6, 0.6, 0.6]
		}
	}
}