{
	"parent": "minecraft:item/handheld",
	"textures": {
		"particle": "item/iron_ingot/vibranium_ingot",
		"layer0": "item/iron_ingot/vibranium_ingot"
	},
	"display": {
		"thirdperson_righthand": {
			"rotation": [3, 98, 0],
			"translation": [0, 1.75, 0.5],
			"scale": [0.5, 0.5, 0.5]
		},
		"thirdperson_lefthand": {
			"rotation": [3, -77, 0],
			"translation": [0, 1.75, 0.5],
			"scale": [0.5, 0.5, 0.5]
		},
		"firstperson_righthand": {
			"rotation": [0, 90, 0],
			"translation": [-0.5, 0, -1],
			"scale": [0.5, 0.5, 0.5]
		},
		"firstperson_lefthand": {
			"rotation": [0, -90, 0],
			"translation": [-0.5, 0, -1],
			"scale": [0.5, 0.5, 0.5]
		},
		"ground": {
			"translation": [0, 5.5, 0],
			"scale": [0.5, 0.5, 0.5]
		},
		"fixed": {
			"rotation": [0, 180, 0]
		}
	}
}