{
	"credit": "Made with Blockbench",
	"textures": {
		"0": "item/diamond/wand",
		"particle": "item/diamond/wand"
	},
	"elements": [
		{
			"from": [8, 0, 8],
			"to": [9, 17, 9],
			"rotation": {"angle": 0, "axis": "y", "origin": [8, 0, 8]},
			"faces": {
				"north": {"uv": [0, 0, 1, 16], "texture": "#0"},
				"east": {"uv": [0, 0, 1, 16], "texture": "#0"},
				"south": {"uv": [0, 0, 1, 16], "texture": "#0"},
				"west": {"uv": [0, 0, 1, 16], "texture": "#0"},
				"up": {"uv": [0, 0, 1, 1], "texture": "#0"},
				"down": {"uv": [0, 0, 1, 1], "texture": "#0"}
			}
		},
		{
			"from": [8, 16, 8],
			"to": [9, 20, 9],
			"rotation": {"angle": 22.5, "axis": "x", "origin": [8, 16, 8]},
			"faces": {
				"north": {"uv": [0, 0, 1, 4], "texture": "#0"},
				"east": {"uv": [0, 0, 1, 4], "texture": "#0"},
				"south": {"uv": [0, 0, 1, 4], "texture": "#0"},
				"west": {"uv": [0, 0, 1, 4], "texture": "#0"},
				"up": {"uv": [0, 0, 1, 1], "texture": "#0"},
				"down": {"uv": [0, 0, 1, 1], "texture": "#0"}
			}
		},
		{
			"from": [8, 17, 7.9999],
			"to": [9, 18, 7.9999],
			"rotation": {"angle": 22.5, "axis": "x", "origin": [8, 16, 8]},
			"faces": {
				"north": {"uv": [15, 0, 16, 1], "texture": "#0"},
				"east": {"uv": [0, 0, 0, 1], "texture": "#0"},
				"south": {"uv": [15, 0, 16, 1], "texture": "#0"},
				"west": {"uv": [0, 0, 0, 1], "texture": "#0"},
				"up": {"uv": [0, 0, 1, 0], "texture": "#0"},
				"down": {"uv": [0, 0, 1, 0], "texture": "#0"}
			}
		},
		{
			"from": [8, 16.5, 8.7],
			"to": [9, 17.5, 8.7],
			"rotation": {"angle": 22.5, "axis": "x", "origin": [8, 15, 9]},
			"faces": {
				"north": {"uv": [15, 0, 16, 1], "texture": "#0"},
				"east": {"uv": [0, 0, 0, 1], "texture": "#0"},
				"south": {"uv": [15, 0, 16, 1], "texture": "#0"},
				"west": {"uv": [0, 0, 0, 1], "texture": "#0"},
				"up": {"uv": [0, 0, 1, 0], "texture": "#0"},
				"down": {"uv": [0, 0, 1, 0], "texture": "#0"}
			}
		},
		{
			"name": "string",
			"from": [9.0001, 17, 8],
			"to": [9.0001, 18, 9],
			"rotation": {"angle": 22.5, "axis": "x", "origin": [8, 16, 8]},
			"faces": {
				"north": {"uv": [15, 0, 16, 1], "texture": "#0"},
				"east": {"uv": [15, 0, 16, 1], "texture": "#0"},
				"south": {"uv": [15, 0, 16, 1], "texture": "#0"},
				"west": {"uv": [15, 0, 16, 1], "texture": "#0"},
				"up": {"uv": [15, 0, 16, 1], "texture": "#0"},
				"down": {"uv": [15, 0, 16, 1], "texture": "#0"}
			}
		},
		{
			"name": "string",
			"from": [7.9999, 17, 8],
			"to": [7.9999, 18, 9],
			"rotation": {"angle": 22.5, "axis": "x", "origin": [7, 16, 8]},
			"faces": {
				"north": {"uv": [15, 0, 16, 1], "texture": "#0"},
				"east": {"uv": [15, 0, 16, 1], "texture": "#0"},
				"south": {"uv": [15, 0, 16, 1], "texture": "#0"},
				"west": {"uv": [15, 0, 16, 1], "texture": "#0"},
				"up": {"uv": [15, 0, 16, 1], "texture": "#0"},
				"down": {"uv": [15, 0, 16, 1], "texture": "#0"}
			}
		},
		{
			"name": "string",
			"from": [8, 18, 9],
			"to": [9, 19, 9],
			"rotation": {"angle": 22.5, "axis": "x", "origin": [8, 16, 8]},
			"faces": {
				"north": {"uv": [15, 0, 16, 1], "texture": "#0"},
				"east": {"uv": [0, 0, 0, 1], "texture": "#0"},
				"south": {"uv": [15, 0, 16, 1], "texture": "#0"},
				"west": {"uv": [0, 0, 0, 1], "texture": "#0"},
				"up": {"uv": [0, 0, 1, 0], "texture": "#0"},
				"down": {"uv": [0, 0, 1, 0], "texture": "#0"}
			}
		},
		{
			"name": "string",
			"from": [7.9999, 18, 8],
			"to": [7.9999, 19, 9],
			"rotation": {"angle": 22.5, "axis": "x", "origin": [8, 16, 8]},
			"faces": {
				"north": {"uv": [0, 0, 0, 1], "texture": "#0"},
				"east": {"uv": [15, 0, 16, 1], "texture": "#0"},
				"south": {"uv": [0, 0, 0, 1], "texture": "#0"},
				"west": {"uv": [15, 0, 16, 1], "texture": "#0"},
				"up": {"uv": [0, 0, 0, 1], "texture": "#0"},
				"down": {"uv": [0, 0, 0, 1], "texture": "#0"}
			}
		},
		{
			"name": "string",
			"from": [9.0001, 18, 8],
			"to": [9.0001, 19, 9],
			"rotation": {"angle": 22.5, "axis": "x", "origin": [9, 16, 8]},
			"faces": {
				"north": {"uv": [0, 0, 0, 1], "texture": "#0"},
				"east": {"uv": [15, 0, 16, 1], "texture": "#0"},
				"south": {"uv": [0, 0, 0, 1], "texture": "#0"},
				"west": {"uv": [15, 0, 16, 1], "texture": "#0"},
				"up": {"uv": [0, 0, 0, 1], "texture": "#0"},
				"down": {"uv": [0, 0, 0, 1], "texture": "#0"}
			}
		},
		{
			"from": [7, 19, 9],
			"to": [10, 22, 12],
			"rotation": {"angle": 0, "axis": "y", "origin": [9, 20, 10]},
			"faces": {
				"north": {"uv": [7, 3.5, 10, 6.5], "rotation": 90, "texture": "#0"},
				"east": {"uv": [7, 3.5, 10, 6.5], "rotation": 270, "texture": "#0"},
				"south": {"uv": [7, 3.5, 10, 6.5], "rotation": 270, "texture": "#0"},
				"west": {"uv": [7, 3.5, 10, 6.5], "rotation": 270, "texture": "#0"},
				"up": {"uv": [7, 3.5, 10, 6.5], "rotation": 270, "texture": "#0"},
				"down": {"uv": [7, 3.5, 10, 6.5], "rotation": 270, "texture": "#0"}
			}
		},
		{
			"from": [8, 20, 10],
			"to": [9, 23, 11],
			"rotation": {"angle": 45, "axis": "x", "origin": [8, 24, 11]},
			"faces": {
				"north": {"uv": [1, 6, 2, 9], "texture": "#0"},
				"east": {"uv": [1, 6, 2, 9], "texture": "#0"},
				"south": {"uv": [1, 6, 2, 9], "texture": "#0"},
				"west": {"uv": [1, 6, 2, 9], "texture": "#0"},
				"up": {"uv": [0, 2, 1, 3], "texture": "#0"},
				"down": {"uv": [0, 2, 1, 3], "texture": "#0"}
			}
		},
		{
			"from": [8, 22, 5],
			"to": [9, 23, 9],
			"rotation": {"angle": 45, "axis": "x", "origin": [8, 22, 10]},
			"faces": {
				"north": {"uv": [0, 2, 1, 3], "rotation": 180, "texture": "#0"},
				"east": {"uv": [1, 6, 2, 10], "rotation": 270, "texture": "#0"},
				"south": {"uv": [0, 2, 1, 3], "texture": "#0"},
				"west": {"uv": [1, 6, 2, 10], "rotation": 90, "texture": "#0"},
				"up": {"uv": [1, 6, 2, 10], "rotation": 180, "texture": "#0"},
				"down": {"uv": [1, 6, 2, 10], "texture": "#0"}
			}
		},
		{
			"from": [8, 21, 5],
			"to": [9, 22, 8],
			"rotation": {"angle": -45, "axis": "x", "origin": [8, 22, 3]},
			"faces": {
				"north": {"uv": [0, 2, 1, 3], "rotation": 180, "texture": "#0"},
				"east": {"uv": [1, 6, 2, 9], "rotation": 90, "texture": "#0"},
				"south": {"uv": [0, 2, 1, 3], "texture": "#0"},
				"west": {"uv": [1, 6, 2, 9], "rotation": 270, "texture": "#0"},
				"up": {"uv": [1, 6, 2, 9], "texture": "#0"},
				"down": {"uv": [1, 6, 2, 9], "rotation": 180, "texture": "#0"}
			}
		},
		{
			"from": [8, 24, 5],
			"to": [9, 25, 8],
			"rotation": {"angle": 45, "axis": "x", "origin": [8, 25, 3]},
			"faces": {
				"north": {"uv": [0, 2, 1, 3], "rotation": 180, "texture": "#0"},
				"east": {"uv": [1, 6, 2, 9], "rotation": 90, "texture": "#0"},
				"south": {"uv": [0, 2, 1, 3], "texture": "#0"},
				"west": {"uv": [1, 6, 2, 9], "rotation": 270, "texture": "#0"},
				"up": {"uv": [1, 6, 2, 9], "texture": "#0"},
				"down": {"uv": [1, 6, 2, 9], "rotation": 180, "texture": "#0"}
			}
		},
		{
			"from": [8, 18, 9],
			"to": [9, 22, 10],
			"rotation": {"angle": -22.5, "axis": "x", "origin": [8, 18, 10]},
			"faces": {
				"north": {"uv": [1, 0, 2, 4], "texture": "#0"},
				"east": {"uv": [1, 0, 2, 4], "texture": "#0"},
				"south": {"uv": [1, 0, 2, 4], "texture": "#0"},
				"west": {"uv": [1, 0, 2, 4], "texture": "#0"},
				"up": {"uv": [0, 1, 1, 2], "texture": "#0"},
				"down": {"uv": [0, 1, 1, 2], "texture": "#0"}
			}
		}
	],
	"display": {
		"thirdperson_righthand": {
			"rotation": [0, 180, 0],
			"translation": [0, -5.25, 1]
		},
		"thirdperson_lefthand": {
			"rotation": [0, 180, 0],
			"translation": [0, -5.25, 1]
		},
		"firstperson_righthand": {
			"rotation": [-11, 180, 0],
			"translation": [0, -3.25, 1]
		},
		"firstperson_lefthand": {
			"rotation": [-11, 180, 0],
			"translation": [0, -3.25, 1]
		},
		"gui": {
			"rotation": [80.21, 59.14, -81.57],
			"translation": [-2.5, -3.5, 0],
			"scale": [0.7, 0.7, 0.7]
		},
		"fixed": {
			"rotation": [-66.6, 49.7, 73.09],
			"translation": [3.5, -3.75, 0]
		}
	}
}