{
	"credit": "Made with Blockbench",
	"texture_size": [64, 64],
	"textures": {
		"0": "item/stick/witch_hat",
		"particle": "item/stick/witch_hat"
	},
	"elements": [
		{
			"from": [2, 0, 2],
			"to": [14, 1, 14],
			"rotation": {"angle": 0, "axis": "y", "origin": [8, 0, 8]},
			"faces": {
				"north": {"uv": [7, 15.75, 10, 16], "texture": "#0"},
				"east": {"uv": [4, 15.75, 7, 16], "texture": "#0"},
				"south": {"uv": [13, 15.75, 16, 16], "texture": "#0"},
				"west": {"uv": [10, 15.75, 13, 16], "texture": "#0"},
				"up": {"uv": [10, 15.75, 7, 12.75], "texture": "#0"},
				"down": {"uv": [13, 12.75, 10, 15.75], "texture": "#0"}
			}
		},
		{
			"from": [4.5, 1, 4],
			"to": [11.5, 3, 12],
			"rotation": {"angle": 0, "axis": "y", "origin": [8, 1, 8]},
			"faces": {
				"north": {"uv": [6.5, 3.5, 8.25, 4], "texture": "#0"},
				"east": {"uv": [4.5, 3.5, 6.5, 4], "texture": "#0"},
				"south": {"uv": [10.25, 3.5, 12, 4], "texture": "#0"},
				"west": {"uv": [8.25, 3.5, 10.25, 4], "texture": "#0"},
				"up": {"uv": [8.25, 3.5, 6.5, 1.5], "texture": "#0"},
				"down": {"uv": [10, 1.5, 8.25, 3.5], "texture": "#0"}
			}
		},
		{
			"from": [5, 1.7, 4.5],
			"to": [11, 4.7, 10.5],
			"rotation": {"angle": 22.5, "axis": "x", "origin": [8, 2, 7]},
			"faces": {
				"north": {"uv": [3.5, 7, 5, 7.75], "texture": "#0"},
				"east": {"uv": [2, 7, 3.5, 7.75], "texture": "#0"},
				"south": {"uv": [6.5, 7, 8, 7.75], "texture": "#0"},
				"west": {"uv": [5, 7, 6.5, 7.75], "texture": "#0"},
				"up": {"uv": [5, 7, 3.5, 5.5], "texture": "#0"},
				"down": {"uv": [6.5, 5.5, 5, 7], "texture": "#0"}
			}
		},
		{
			"from": [5.5, 2.7, 7.5],
			"to": [10.5, 5.7, 11.5],
			"rotation": {"angle": 45, "axis": "x", "origin": [8, 6, 9]},
			"faces": {
				"north": {"uv": [1, 1, 2.25, 1.75], "texture": "#0"},
				"east": {"uv": [0, 1, 1, 1.75], "texture": "#0"},
				"south": {"uv": [3.25, 1, 4.5, 1.75], "texture": "#0"},
				"west": {"uv": [2.25, 1, 3.25, 1.75], "texture": "#0"},
				"up": {"uv": [2.25, 1, 1, 0], "texture": "#0"},
				"down": {"uv": [3.5, 0, 2.25, 1], "texture": "#0"}
			}
		},
		{
			"from": [6, 4.8, 8.3],
			"to": [10, 7.8, 10.3],
			"rotation": {"angle": -22.5, "axis": "x", "origin": [8, 6, 11]},
			"faces": {
				"north": {"uv": [13.5, 7.25, 14.5, 8], "texture": "#0"},
				"east": {"uv": [13, 7.25, 13.5, 8], "texture": "#0"},
				"south": {"uv": [15, 7.25, 16, 8], "texture": "#0"},
				"west": {"uv": [14.5, 7.25, 15, 8], "texture": "#0"},
				"up": {"uv": [14.5, 7.25, 13.5, 6.75], "texture": "#0"},
				"down": {"uv": [15.5, 6.75, 14.5, 7.25], "texture": "#0"}
			}
		},
		{
			"from": [6.5, 5.5, 9.5],
			"to": [9.5, 7.5, 11.5],
			"rotation": {"angle": -22.5, "axis": "x", "origin": [8, 6, 11]},
			"faces": {
				"north": {"uv": [1.5, 2.5, 2.25, 3], "texture": "#0"},
				"east": {"uv": [1, 2.5, 1.5, 3], "texture": "#0"},
				"south": {"uv": [2.75, 2.5, 3.5, 3], "texture": "#0"},
				"west": {"uv": [2.25, 2.5, 2.75, 3], "texture": "#0"},
				"up": {"uv": [2.25, 2.5, 1.5, 2], "texture": "#0"},
				"down": {"uv": [3, 2, 2.25, 2.5], "texture": "#0"}
			}
		},
		{
			"from": [7.5, 5.3, 10.2],
			"to": [8.5, 6.3, 13.2],
			"rotation": {"angle": 22.5, "axis": "x", "origin": [8, 5, 13]},
			"faces": {
				"north": {"uv": [5.75, 7.75, 6, 8], "texture": "#0"},
				"east": {"uv": [5, 7.75, 5.75, 8], "texture": "#0"},
				"south": {"uv": [6.75, 7.75, 7, 8], "texture": "#0"},
				"west": {"uv": [6, 7.75, 6.75, 8], "texture": "#0"},
				"up": {"uv": [6, 7.75, 5.75, 7], "texture": "#0"},
				"down": {"uv": [6.25, 7, 6, 7.75], "texture": "#0"}
			}
		},
		{
			"from": [6, 1, 3],
			"to": [10, 3, 4],
			"rotation": {"angle": 0, "axis": "y", "origin": [8, 1, 8]},
			"faces": {
				"north": {"uv": [0.25, 5.5, 1.25, 6], "texture": "#0"},
				"east": {"uv": [0, 5.5, 0.25, 6], "texture": "#0"},
				"south": {"uv": [1.5, 5.5, 2.5, 6], "texture": "#0"},
				"west": {"uv": [1.25, 5.5, 1.5, 6], "texture": "#0"},
				"up": {"uv": [1.25, 5.5, 0.25, 5.25], "texture": "#0"},
				"down": {"uv": [2.25, 5.25, 1.25, 5.5], "texture": "#0"}
			}
		}
	],
	"display": {
		"head": {
			"translation": [0, 18.75, 0],
			"scale": [1.75, 1.75, 1.75]
		}
	}
}