{
	"credit": "Made with Blockbench",
	"texture_size": [32, 32],
	"textures": {
		"0": "item/stick/bat",
		"particle": "item/stick/bat"
	},
	"elements": [
		{
			"name": "outer_left_wing",
			"from": [-1.5, 1, 3],
			"to": [4.5, 9, 3],
			"rotation": {"angle": 22.5, "axis": "y", "origin": [8, 0, 3]},
			"faces": {
				"north": {"uv": [8, 4, 11, 8], "texture": "#0"},
				"east": {"uv": [8, 4, 8, 8], "texture": "#0"},
				"south": {"uv": [11, 4, 14, 8], "texture": "#0"},
				"west": {"uv": [11, 4, 11, 8], "texture": "#0"},
				"up": {"uv": [11, 4, 8, 4], "texture": "#0"},
				"down": {"uv": [14, 4, 11, 4], "texture": "#0"}
			}
		},
		{
			"name": "outer_right_wing",
			"from": [11.5, 1, 3],
			"to": [17.5, 9, 3],
			"rotation": {"angle": -22.5, "axis": "y", "origin": [8, 0, 3]},
			"faces": {
				"north": {"uv": [8, 0, 11, 4], "texture": "#0"},
				"east": {"uv": [8, 0, 8, 4], "texture": "#0"},
				"south": {"uv": [11, 0, 14, 4], "texture": "#0"},
				"west": {"uv": [11, 0, 11, 4], "texture": "#0"},
				"up": {"uv": [11, 0, 8, 0], "texture": "#0"},
				"down": {"uv": [14, 0, 11, 0], "texture": "#0"}
			}
		},
		{
			"name": "left_wing",
			"from": [4.5, 2, 3],
			"to": [6.5, 9, 3],
			"rotation": {"angle": 22.5, "axis": "y", "origin": [8, 0, 3]},
			"faces": {
				"north": {"uv": [6, 3.5, 7, 7], "texture": "#0"},
				"east": {"uv": [6, 3.5, 6, 7], "texture": "#0"},
				"south": {"uv": [7, 3.5, 8, 7], "texture": "#0"},
				"west": {"uv": [7, 3.5, 7, 7], "texture": "#0"},
				"up": {"uv": [7, 3.5, 6, 3.5], "texture": "#0"},
				"down": {"uv": [8, 3.5, 7, 3.5], "texture": "#0"}
			}
		},
		{
			"name": "right_wing",
			"from": [9.5, 2, 3],
			"to": [11.5, 9, 3],
			"rotation": {"angle": -22.5, "axis": "y", "origin": [8, 0, 3]},
			"faces": {
				"north": {"uv": [6, 0, 7, 3.5], "texture": "#0"},
				"east": {"uv": [6, 0, 6, 3.5], "texture": "#0"},
				"south": {"uv": [7, 0, 8, 3.5], "texture": "#0"},
				"west": {"uv": [7, 0, 7, 3.5], "texture": "#0"},
				"up": {"uv": [7, 0, 6, 0], "texture": "#0"},
				"down": {"uv": [8, 0, 7, 0], "texture": "#0"}
			}
		}
	],
	"display": {
		"head": {
			"translation": [0, -7.5, 12],
			"scale": [2.5, 2.5, 2]
		}
	}
}