{
  "providers": [
    {
      "file": "minecraft:font/broadend.png",
      "type": "bitmap",
      "chars": ["\uEAAA"],
      "ascent": 13,
      "height": 256
    },
    {
      "file": "minecraft:font/space.png",
      "type": "bitmap",
      "chars": ["\uEBBB"],
      "ascent": -32768,
      "height": -10
    },
    {
      "file": "minecraft:font/sacrifice.png",
      "type": "bitmap",
      "chars": ["\uECCC"],
      "ascent": 13,
      "height": 256
    },
    {
      "file": "minecraft:font/request.png",
      "type": "bitmap",
      "chars": ["\uEDDD"],
      "ascent": 13,
      "height": 256
    },
    {
      "file": "minecraft:font/pvpheld.png",
      "type": "bitmap",
      "chars": ["\uEEEE"],
      "ascent": 13,
      "height": 256
    },
    {
      "file": "minecraft:font/pachinko.png",
      "type": "bitmap",
      "chars": ["\uEFFF"],
      "ascent": 13,
      "height": 256
    },
    {
      "file": "minecraft:font/halloween_shop.png",
      "type": "bitmap",
      "chars": ["\uEABC"],
      "ascent": 13,
      "height": 256
    }
  ]
}